{"labels_3d": [0, 0, 0, 0, 0, 0, 0, 0, 0, 0], "scores_3d": [0.9750345349311829, 0.9681669473648071, 0.9457323551177979, 0.8904324173927307, 0.8889466524124146, 0.7710792422294617, 0.7554868459701538, 0.7059183120727539, 0.5796597599983215, 0.4414597749710083], "bboxes_3d": [[14.758365631103516, -1.0537850856781006, -1.558970332145691, 3.7562294006347656, 1.6059941053390503, 1.5587520599365234, -0.313082218170166], [6.4378461837768555, -3.867924928665161, -1.7354559898376465, 3.147737503051758, 1.4599202871322632, 1.428387999534607, -0.2996474504470825], [8.112277030944824, 1.2170002460479736, -1.634056568145752, 3.6662888526916504, 1.5731242895126343, 1.591597080230713, 2.816199541091919], [20.16977310180664, -8.431035041809082, -1.6691274642944336, 2.381654739379883, 1.5175882577896118, 1.569445013999939, -0.3255079984664917], [33.4557991027832, -7.035783767700195, -1.3376578092575073, 4.213985919952393, 1.7445764541625977, 1.669708251953125, 2.828486919403076], [55.62166976928711, -20.328718185424805, -1.3770878314971924, 4.370525360107422, 1.735963225364685, 1.706894874572754, 2.850332736968994], [3.6382193565368652, 2.7381341457366943, -1.6892207860946655, 3.720695734024048, 1.582053303718567, 1.5178197622299194, -0.23047280311584473], [25.040645599365234, -10.156500816345215, -1.6325509548187256, 3.739253520965576, 1.6085294485092163, 1.4840203523635864, -0.32979846000671387], [28.725400924682617, -1.552398920059204, -1.2017788887023926, 3.694230318069458, 1.543022632598877, 1.5609456300735474, 1.2416011095046997], [40.87087631225586, -9.748825073242188, -1.3668675422668457, 3.8332459926605225, 1.652984619140625, 1.5703967809677124, -0.2881728410720825]], "box_type_3d": "LiDAR"}